player_id,player_number,player_first_name,player_last_name,player_position,player_height_m,player_height_in,player_weight_kg,player_weight_lbs,season,team
zach-edwards,1.0,Zach,Edwards,QB,1.95,76.77,100.0,220.46,2021,Barcelona Dragons
cesare-brugnani,10.0,Cesare,Brugnani,OLB,1.8,70.87,86.0,189.6,2021,Barcelona Dragons
alejandro-fernandez,11.0,Alejandro,Fernández,DE,1.88,74.02,105.0,231.49,2021,Barcelona Dragons
brandon-brooks,11.0,Brandon,Brooks,DB,1.88,74.02,83.0,182.98,2021,Barcelona Dragons
samuel-anca,13.0,Samuel,Anca,WR,1.91,75.2,89.0,196.21,2021,Barcelona Dragons
sergio-barbero,14.0,Sergio,Barbero,QB,1.85,72.83,85.0,187.39,2021,Barcelona Dragons
mario-flores,15.0,Mario,Flores,WR,1.81,71.26,86.0,189.6,2021,Barcelona Dragons
alejandro-herrero,17.0,Alejandro,Herrero,RB,1.78,70.08,,,2021,Barcelona Dragons
chris-manser,18.0,Chris,Manser,P,1.81,71.26,,,2021,Barcelona Dragons
giacomo-prati,2.0,Giacomo,Prati,DE,1.92,75.59,114.0,251.33,2021,Barcelona Dragons
lucas-masero,20.0,Lucas,Masero,CB,1.73,68.11,80.0,176.37,2021,Barcelona Dragons
antonio-monton,21.0,Antonio,Montón,RB,1.69,66.54,75.0,165.35,2021,Barcelona Dragons
lautaro-frecha,22.0,Lautaro,Frecha,S,1.88,74.02,95.0,209.44,2021,Barcelona Dragons
jordi-brugnani,23.0,Jordi,Brugnani,CB,1.83,72.05,80.0,176.37,2021,Barcelona Dragons
javier-castanon,24.0,Javier,Castañón,TE,1.8,70.87,88.0,194.01,2021,Barcelona Dragons
niko-lester,25.0,Niko,Lester,FS,1.87,73.62,97.0,213.85,2021,Barcelona Dragons
adriel-costa,26.0,Adriel ,Costa,DB,1.78,70.08,80.0,176.37,2021,Barcelona Dragons
andy-vera,27.0,Andy,Vera,CB,1.7,66.93,80.0,176.37,2021,Barcelona Dragons
adrian-jimenez,3.0,Adrián,Jiménez,RB,1.8,70.87,97.0,213.85,2021,Barcelona Dragons
jonathan-michael-corradini,32.0,Jonathan Michael,Corradini,DB,1.71,67.32,,,2021,Barcelona Dragons
timon-debiez,33.0,Timón,Debiez,ILB,1.78,70.08,90.0,198.42,2021,Barcelona Dragons
elias-rodriguez,34.0,Elías,Rodríguez,RB,1.73,68.11,85.0,187.39,2021,Barcelona Dragons
myke-tavarres,4.0,Myke,Tavarres ,ILB,1.87,73.62,104.0,229.28,2021,Barcelona Dragons
remi-bertellin,4.0,Rémi,Bertellin,WR,1.83,72.05,84.0,185.19,2021,Barcelona Dragons
raul-hernandez,42.0,Raúl,Hernández,TE,1.95,76.77,121.0,266.76,2021,Barcelona Dragons
victor-albarracin,43.0,Víctor,Albarracín,ILB,1.83,72.05,93.0,205.03,2021,Barcelona Dragons
alex-gonzalez,45.0,Álex,González Posito,ILB,1.81,71.26,99.0,218.26,2021,Barcelona Dragons
vicente-latorre,46.0,Vicente,Latorre,DL,1.85,72.83,99.0,218.26,2021,Barcelona Dragons
sebastian-castaner,49.0,Sebastián,Castañer,ILB,1.88,74.02,100.0,220.46,2021,Barcelona Dragons
jean-constant,5.0,Jean,Constant,WR,1.75,68.9,84.0,185.19,2021,Barcelona Dragons
guillermo-bahillo,50.0,Guillermo,Bahillo,LB,1.84,72.44,80.0,176.37,2021,Barcelona Dragons
daniel-monfared,52.0,Daniel,Monfared,ILB,1.83,72.05,95.0,209.44,2021,Barcelona Dragons
josep-tricas,53.0,Josep,Tricas,LS,1.83,72.05,105.0,231.49,2021,Barcelona Dragons
ivan-gutierrez,55.0,Iván,Gutiérrez,ILB,1.86,73.23,89.0,196.21,2021,Barcelona Dragons
luis-cereceda,6.0,Luis,Cereceda,P,1.77,69.69,81.0,178.57,2021,Barcelona Dragons
pablo-de-diego,6.0,Pablo,De Diego,CB,,,,,2021,Barcelona Dragons
celestin-ngimbi,60.0,Celestin,Ngimbi,OL,1.87,73.62,135.0,297.62,2021,Barcelona Dragons
elvys-nunez,64.0,Elvys,Núñez,OL,1.86,73.23,135.0,297.62,2021,Barcelona Dragons
jan-raus,65.0,Jan,Raus,OL,1.85,72.83,131.0,288.81,2021,Barcelona Dragons
nicholas-moller-hansen,68.0,Nicholas,Møller-Hansen,OL,1.88,74.02,144.0,317.47,2021,Barcelona Dragons
jedrzej-rudnicki,70.0,Jedrzej,Rudnicki,OL,1.95,76.77,121.0,266.76,2021,Barcelona Dragons
pierce-boothby,70.0,Pierce,Boothby,OL,1.92,75.59,136.0,299.83,2021,Barcelona Dragons
sebastian-bowen,73.0,Sebastian,Bowen,DT,1.88,74.02,120.0,264.55,2021,Barcelona Dragons
alvaro-lopez-lopez,75.0,Álvaro,López López,OL,1.74,68.5,106.0,233.69,2021,Barcelona Dragons
naren-ishwar-lalwani,75.0,Naren Ishwar,Lalwani,OL,1.78,70.08,130.0,286.6,2021,Barcelona Dragons
carlos-guillen,77.0,Carlos,Guillén,OL,1.88,74.02,116.0,255.74,2021,Barcelona Dragons
axel-irigoite,78.0,Axel,Irigoite,OL,1.78,70.08,137.0,302.03,2021,Barcelona Dragons
irvin-santana,79.0,Irvin,Santana,OL,1.8,70.87,122.0,268.96,2021,Barcelona Dragons
giorgio-tavecchio,8.0,Giorgio,Tavecchio,K,1.78,70.08,82.0,180.78,2021,Barcelona Dragons
thomas-costa,8.0,Thomas,Costa Anessiadis,CB,1.82,71.65,80.0,176.37,2021,Barcelona Dragons
jordi-torrededia,80.0,Jordi,Torrededia,WR,1.77,69.69,74.0,163.14,2021,Barcelona Dragons
juan-hervas,82.0,Juan,Hervás,WR,1.81,71.26,72.0,158.73,2021,Barcelona Dragons
javier-barrena,83.0,Javier,Barrena,RB/WR,,,,,2021,Barcelona Dragons
jaume-llinas,85.0,Jaume,Llinas,WR,1.7,66.93,73.0,160.94,2021,Barcelona Dragons
ivan-iordanov,88.0,Iván,Iordanov,WR,1.9,74.8,83.0,182.98,2021,Barcelona Dragons
arthur-pinheiro,93.0,Arthur,Pinheiro,DL,1.9,74.8,128.0,282.19,2021,Barcelona Dragons
yago-rivero,99.0,Yago,Rivero,DE,1.86,73.23,105.0,231.49,2021,Barcelona Dragons
jocques-crawford,1.0,Jocques,Crawford,RB,1.83,72.05,100.0,220.46,2021,Berlin Thunder
simon-mayerhoff,10.0,Simon,Mayerhoff,CB,1.77,69.69,88.0,194.01,2021,Berlin Thunder
bryan-zerbe,11.0,Bryan,Zerbe,WR,1.85,72.83,90.0,198.42,2021,Berlin Thunder
alexander-karim-rushdy-stadahl,12.0,Alexander Karim,Rushdy Stadahl,CB,1.83,72.05,80.0,176.37,2021,Berlin Thunder
daniel-weiswange,12.0,Daniel,Weiswange,WR,1.7,66.93,82.0,180.78,2021,Berlin Thunder
ashley-bailey,13.0,Ashley,Bailey,QB,1.85,72.83,85.0,187.39,2021,Berlin Thunder
yannis-binner,13.0,Yannis,Binner,TE,1.92,75.59,95.0,209.44,2021,Berlin Thunder
kevin-hummel,14.0,Kevin,Hummel,OLB,1.78,70.08,99.0,218.26,2021,Berlin Thunder
luis-muller-atzerodt,14.0,Luis,Müller Atzerodt,DB,1.81,71.26,77.0,169.76,2021,Berlin Thunder
moritz-thiele,15.0,Moritz,Thiele,CB,1.81,71.26,88.0,194.01,2021,Berlin Thunder
louis-rieger,16.0,Louis,Rieger,DB,1.77,69.69,83.0,182.98,2021,Berlin Thunder
andre-dickmeis,17.0,Andre,Dickmeis,WR,1.86,73.23,80.0,176.37,2021,Berlin Thunder
emil-drossard,17.0,Emil,Drossard,WR,1.75,68.9,78.0,171.96,2021,Berlin Thunder
leo-leeser,18.0,Leo,Leeser,DB,1.8,70.87,80.0,176.37,2021,Berlin Thunder
phillip-ruffin,19.0,Phillip,Ruffin,CB,1.87,73.62,86.0,189.6,2021,Berlin Thunder
benedikt-assis,2.0,Benedikt,Assis,ILB,1.87,73.62,101.0,222.67,2021,Berlin Thunder
najim-hennig,21.0,Najim,Hennig,CB,1.78,70.08,81.0,178.57,2021,Berlin Thunder
jason-eid,23.0,Jason,Eid,CB,1.8,70.87,80.0,176.37,2021,Berlin Thunder
kevin-meeder,23.0,Kevin,Meeder,DB,1.8,70.87,83.0,182.98,2021,Berlin Thunder
paul-fischer,23.0,Paul,Fischer,CB,1.78,70.08,78.0,171.96,2021,Berlin Thunder
maxime-de-falcis,24.0,Maxime,De Falcis,S,1.83,72.05,93.0,205.03,2021,Berlin Thunder
jonas-schenderlein,26.0,Jonas,Schenderlein,K,1.86,73.23,75.0,165.35,2021,Berlin Thunder
arne-gehrt,3.0,Arne,Gehrt,S,1.76,69.29,78.0,171.96,2021,Berlin Thunder
thaddeus-schirmer,30.0,Thaddeus,Schirmer,DB,1.84,72.44,85.0,187.39,2021,Berlin Thunder
iiro-pekkarinen,31.0,Iiro,Pekkarinen,CB,1.85,72.83,88.0,194.01,2021,Berlin Thunder
jamaal-white,31.0,Jamaal,White,S,1.87,73.62,90.0,198.42,2021,Berlin Thunder
dominique-pfeffer,32.0,Dominique,Pfeffer,DB,1.75,68.9,83.0,182.98,2021,Berlin Thunder
aaron-boadu,4.0,Aaron,Boadu,DE,1.95,76.77,125.0,275.58,2021,Berlin Thunder
jeremy-sommerwerk,40.0,Jeremy,Sommerwerk,ILB,1.75,68.9,105.0,231.49,2021,Berlin Thunder
louis-achaintre,40.0,Louis,Achaintre,ILB,1.88,74.02,100.0,220.46,2021,Berlin Thunder
janis-lou-scharmer,43.0,Janis Lou,Schmarmer,FB,1.7,66.93,86.0,189.6,2021,Berlin Thunder
marcel-steffen,44.0,Marcel,Steffen,DE,1.87,73.62,100.0,220.46,2021,Berlin Thunder
kolin-hill,45.0,Kolin,Hill,DE,1.93,75.98,117.0,257.94,2021,Berlin Thunder
yannic-landfried,47.0,Yannic,Landfried,RB,1.88,74.02,112.0,246.92,2021,Berlin Thunder
falco-paris,48.0,Falco,Paris,DE,1.89,74.41,112.0,246.92,2021,Berlin Thunder
hamsa-el-zein,50.0,Hamsa,El-Zein,DT,1.88,74.02,140.0,308.65,2021,Berlin Thunder
wael-nasri,52.0,Wael,Nasri,ILB,1.8,70.87,105.0,231.49,2021,Berlin Thunder
deon-mutsvanemoto,55.0,Deon,Mutsvanemoto,OL,1.9,74.8,140.0,308.65,2021,Berlin Thunder
matan-lockitch,57.0,Matan,Lockitch,OL,1.78,70.08,116.0,255.74,2021,Berlin Thunder
calvin-stitt,6.0,Calvin,Stitt,QB,1.8,70.87,,,2021,Berlin Thunder
pollys-junio-sacramento,68.0,Pollys Junio,Sacramento,OL,1.93,75.98,135.0,297.62,2021,Berlin Thunder
jannik-werblow,69.0,Jannik,Werblow,OL,1.97,77.56,130.0,286.6,2021,Berlin Thunder
seantarius-jones,7.0,Seantavius,Jones,WR,1.93,75.98,95.0,209.44,2021,Berlin Thunder
gideon-grabert,71.0,Gideon,Grabert,OL,1.91,75.2,138.0,304.24,2021,Berlin Thunder
marcel-camenz,73.0,Marcel,Camenz,OL,1.8,70.87,137.0,302.03,2021,Berlin Thunder
florian-gerlach,76.0,Florian,Gerlach,OL,2.0,78.74,130.0,286.6,2021,Berlin Thunder
max-bahr,77.0,Max,Bähr,OL,1.88,74.02,114.0,251.33,2021,Berlin Thunder
otavio-amorim,77.0,Otavio,Amorim,OL,1.91,75.2,130.0,286.6,2021,Berlin Thunder
lane-acheompong,78.0,Lane,Acheompong,OL,1.88,74.02,155.0,341.72,2021,Berlin Thunder
conrad-schmid,79.0,Conrad,Schmid,OL,2.0,78.74,125.0,275.58,2021,Berlin Thunder
paul-seifert,8.0,Paul,Seifert,OLB,1.82,71.65,84.0,185.19,2021,Berlin Thunder
tino-ndongo,80.0,Tino,Ndongo,WR,1.76,69.29,78.0,171.96,2021,Berlin Thunder
nicolai-schumann,85.0,Nicolai,Schumann,TE,1.93,75.98,113.0,249.12,2021,Berlin Thunder
pascal-schaar,9.0,Pascal,Schaar,RB,1.83,72.05,107.0,235.89,2021,Berlin Thunder
tuna-hiller,92.0,Tuna,Hiller,DT,1.86,73.23,120.0,264.55,2021,Berlin Thunder
gabriel-wiek,93.0,Gabriel,Wiek,DE,1.91,75.2,110.0,242.51,2021,Berlin Thunder
adedayo-odeleye,94.0,Adedayo,Odeleye,DL,1.97,77.56,120.0,264.55,2021,Berlin Thunder
nick-rudloff,95.0,Nick,Rudloff,DT,1.86,73.23,135.0,297.62,2021,Berlin Thunder
marcel-behm,96.0,Marcel,Behm,DT,1.82,71.65,128.0,282.19,2021,Berlin Thunder
kay-wagner,97.0,Kay,Wagner,DT,1.85,72.83,128.0,282.19,2021,Berlin Thunder
pascal-labus,99.0,Pascal,Labus,DL,1.87,73.62,115.0,253.53,2021,Berlin Thunder
mike-taylor-iii,,Mike,Taylor III,DL,1.87,73.62,124.0,273.37,2021,Cologne Centurions
quinten-pounds,1.0,Quinten,Pounds,WR,1.82,71.65,82.0,180.78,2021,Cologne Centurions
justin-schlesinger,10.0,Justin,Schlesinger,WR,1.8,70.87,75.0,165.35,2021,Cologne Centurions
noah-aarass,11.0,Noah,Aarass,WR,1.9,74.8,97.0,213.85,2021,Cologne Centurions
jan-weinreich,12.0,Jan,Weinreich,QB,1.93,75.98,93.0,205.03,2021,Cologne Centurions
jannik-loercks,13.0,Jannik,Lörcks,WR,1.83,72.05,83.0,182.98,2021,Cologne Centurions
ramin-akhlaghi,14.0,Ramin,Akhlaghi,WR,1.8,70.87,80.0,176.37,2021,Cologne Centurions
rene-berres,15.0,René,Berres,FB/TE,1.88,74.02,102.0,224.87,2021,Cologne Centurions
kai-schiffer,18.0,Kai,Schiffer,WR,1.9,74.8,93.0,205.03,2021,Cologne Centurions
moritz-schnippe,19.0,Moritz,Schnippe,WR,1.85,72.83,85.0,187.39,2021,Cologne Centurions
waheed-bhikh,19.0,Waheed,Bhikh,CB,1.83,72.05,83.0,182.98,2021,Cologne Centurions
daniel-schuhmacher,2.0,Daniel,Schuhmacher,K,1.89,74.41,89.0,196.21,2021,Cologne Centurions
tufan-yagmur,2.0,Tufan,Yagmur,ILB,1.8,70.87,98.0,216.05,2021,Cologne Centurions
paul-steffen,22.0,Paul,Steffen,S,1.79,70.47,88.0,194.01,2021,Cologne Centurions
dartez-jacobs,24.0,Dartez,Jacobs,S,1.88,74.02,93.0,205.03,2021,Cologne Centurions
andre-frisch,26.0,Andre,Frisch,RB,1.74,68.5,80.0,176.37,2021,Cologne Centurions
madre-london,28.0,Madre,London,RB,1.85,72.83,97.0,213.85,2021,Cologne Centurions
rene-hanssen,29.0,René,Hanßen,CB,1.8,70.87,84.0,185.19,2021,Cologne Centurions
femi-durojaiye,3.0,Femi,Durojaiye,DB,1.8,70.87,80.0,176.37,2021,Cologne Centurions
julian-volker,3.0,Julian,Völker,DE,1.99,78.35,115.0,253.53,2021,Cologne Centurions
matthias-banjaqui,30.0,Matthias,Banjaqui,OLB,1.88,74.02,98.0,216.05,2021,Cologne Centurions
dany-lamy,31.0,Dany,Lamy,CB,1.88,74.02,87.0,191.8,2021,Cologne Centurions
dennis-laas,34.0,Dennis,Laas,DB,1.88,74.02,94.0,207.23,2021,Cologne Centurions
glody-ngovo,4.0,Glody,Ngovo,RB,1.8,70.87,85.0,187.39,2021,Cologne Centurions
jannik-seibel,4.0,Jannik,Seibel,CB,1.9,74.8,95.0,209.44,2021,Cologne Centurions
patrick-poetsch,43.0,Patrick,Poetsch,FB,1.8,70.87,124.0,273.37,2021,Cologne Centurions
marius-kensy,44.0,Marius,Kensy,ILB,1.85,72.83,112.0,246.92,2021,Cologne Centurions
niklas-liesen,47.0,Niklas,Liesen,ILB,1.84,72.44,106.0,233.69,2021,Cologne Centurions
kasper-bongaerts,48.0,Kasper,Bongaerts,LB,1.83,72.05,90.0,198.42,2021,Cologne Centurions
alberto-coq-huelva,49.0,Alberto,Coq Huelva,LB,1.85,72.83,96.0,211.64,2021,Cologne Centurions
paul-kavadia-lenhardt,5.0,Paul,Kavadia-Lenhardt,WR,1.76,69.29,70.0,154.32,2021,Cologne Centurions
alexander-boes,52.0,Alexander,Boes,DT,1.9,74.8,120.0,264.55,2021,Cologne Centurions
maximilian-oebels,54.0,Maximilian,Oebels,ILB,1.8,70.87,98.0,216.05,2021,Cologne Centurions
firat-aybek,56.0,Firat,Aybek,OL,1.9,74.8,165.0,363.76,2021,Cologne Centurions
lennart-weitz,58.0,Lennart,Weitz,OLB,1.8,70.87,95.0,209.44,2021,Cologne Centurions
anton-glusancov,59.0,Anton,Glusancov,OL,1.9,74.8,125.0,275.58,2021,Cologne Centurions
benjamin-cerimagic,6.0,Benjamin,Cerimagic,DE,1.92,75.59,108.0,238.1,2021,Cologne Centurions
jannik-nowak,6.0,Jannik,Nowak,QB,1.8,70.87,87.0,191.8,2021,Cologne Centurions
malik-becker,61.0,Malik,Becker,OL,1.78,70.08,135.0,297.62,2021,Cologne Centurions
nick-wiens,68.0,Nick,Wiens,OL,1.87,73.62,126.0,277.78,2021,Cologne Centurions
hannes-darley,69.0,Hannes,Darley,OL,1.93,75.98,112.0,246.92,2021,Cologne Centurions
alexander-frisch,7.0,Alexander,Frisch,QB,1.95,76.77,93.0,205.03,2021,Cologne Centurions
daniel-farley,7.0,Daniel,Farley,QB,1.88,74.02,91.0,200.62,2021,Cologne Centurions
till-janssen,7.0,Till,Janssen,CB,1.9,74.8,87.0,191.8,2021,Cologne Centurions
florian-kallwitz,71.0,Florian,Kallwitz,OL,1.87,73.62,135.0,297.62,2021,Cologne Centurions
tom-maier,72.0,Tom,Maier,OL,2.01,79.13,122.0,268.96,2021,Cologne Centurions
fabian-kratz,73.0,Fabian,Kratz,OL,1.97,77.56,110.0,242.51,2021,Cologne Centurions
niklas-meiworm,76.0,Niklas,Meiworm,OL,1.96,77.17,147.0,324.08,2021,Cologne Centurions
frederick-weinreich,78.0,Frederick,Weinreich,OL,1.85,72.83,125.0,275.58,2021,Cologne Centurions
jan-niclas-dalbeck,79.0,Jan-Niclas,Dalbeck,OL,2.01,79.13,137.0,302.03,2021,Cologne Centurions
valentin-rodiger,81.0,Valentin,Rödiger,WR,1.8,70.87,81.0,178.57,2021,Cologne Centurions
michael-ofosuhene,85.0,Michael,Ofosuhene,WR,1.81,71.26,88.0,194.01,2021,Cologne Centurions
leroy-stryewski,86.0,LeRoy,Stryewski,TE,1.95,76.77,105.0,231.49,2021,Cologne Centurions
florian-eichhorn,87.0,Florian,Eichhorn,TE,1.89,74.41,106.0,233.69,2021,Cologne Centurions
christopher-ezeala,9.0,Christopher,Ezeala,RB,1.83,72.05,109.0,240.3,2021,Cologne Centurions
richard-grooten,9.0,Richard,Grooten,S,1.77,69.69,82.0,180.78,2021,Cologne Centurions
sydney-amadu,9.0,Sydney,Amadu,ILB,1.85,72.83,113.0,249.12,2021,Cologne Centurions
arkady-naus,90.0,Arkady,Naus,DE,1.9,74.8,110.0,242.51,2021,Cologne Centurions
roman-sellung,91.0,Roman,Sellung,DL,1.86,73.23,138.0,304.24,2021,Cologne Centurions
ramy-mohamed,92.0,Ramy,Mohamed,DL,1.9,74.8,105.0,231.49,2021,Cologne Centurions
samuel-ziebarth,93.0,Samuel,Ziebarth,DT,,,,,2021,Cologne Centurions
matz-peters,96.0,Matz,Peters,DL,1.89,74.41,113.0,249.12,2021,Cologne Centurions
junior-de-souza-briele,99.0,Junior,De Souza Briele,DT,1.87,73.62,122.0,268.96,2021,Cologne Centurions
anthony-mahoungou,11.0,Anthony,Mahoungou,WR,1.93,75.98,96.0,211.64,2021,Frankfurt Galaxy
marvin-rutsch,13.0,Marvin,Rutsch,WR,1.8,70.87,82.0,180.78,2021,Frankfurt Galaxy
noah-bomba,13.0,Noah,Bomba,WR,1.95,76.77,88.0,194.01,2021,Frankfurt Galaxy
joshua-poznanski,14.0,Joshua,Poznanski,S,1.9,74.8,98.0,216.05,2021,Frankfurt Galaxy
max-siemssen,15.0,Max,Siemssen,WR,1.9,74.8,90.0,198.42,2021,Frankfurt Galaxy
nico-schon,17.0,Nico,Schön,WR,1.93,75.98,100.0,220.46,2021,Frankfurt Galaxy
fernando-lowery,18.0,Fernando,Lowery,CB,1.8,70.87,89.0,196.21,2021,Frankfurt Galaxy
nico-strahmann,19.0,Nico,Strahmann,WR,1.8,70.87,83.0,182.98,2021,Frankfurt Galaxy
gerald-ameln,20.0,Gerald,Ameln,RB,1.8,70.87,88.0,194.01,2021,Frankfurt Galaxy
steffen-olschok,20.0,Steffen,Olschok,DB,1.77,69.69,79.0,174.17,2021,Frankfurt Galaxy
gennadiy-adams,21.0,Gennadiy,Adams,RB,1.73,68.11,86.0,189.6,2021,Frankfurt Galaxy
omari-williams,22.0,Omari,Williams,S,1.86,73.23,82.0,180.78,2021,Frankfurt Galaxy
desmond-cooper,23.0,Desmond,Cooper,DB,1.92,75.59,100.0,220.46,2021,Frankfurt Galaxy
robin-maier,24.0,Robin,Maier,DB,1.8,70.87,83.0,182.98,2021,Frankfurt Galaxy
benjamin-barnes,25.0,Benjamin,Barnes,WR,1.77,69.69,80.0,176.37,2021,Frankfurt Galaxy
marius-riepe,26.0,Marius,Riepe,CB,1.82,71.65,91.0,200.62,2021,Frankfurt Galaxy
peter-devoe,26.0,Peter,Devoe,DB,1.84,72.44,94.0,207.23,2021,Frankfurt Galaxy
florian-schneikert,27.0,Florian,Schneikert,RB,1.93,75.98,100.0,220.46,2021,Frankfurt Galaxy
simon-otto,28.0,Simon,Otto,CB,1.85,72.83,80.0,176.37,2021,Frankfurt Galaxy
falk-reuter,30.0,Falk,Reuter,S,1.83,72.05,89.0,196.21,2021,Frankfurt Galaxy
justin-rodney,33.0,Justin,Rodney,RB,1.74,68.5,85.0,187.39,2021,Frankfurt Galaxy
myron-de-vane,36.0,Myron,De Vane,DB,1.9,74.8,95.0,209.44,2021,Frankfurt Galaxy
hamudi-chehab,38.0,Hamudi,Chehab,DB,1.8,70.87,73.0,160.94,2021,Frankfurt Galaxy
lukas-von-stumpfeldt,4.0,Lukas,von Stumpfeldt,QB,1.88,74.02,89.0,196.21,2021,Frankfurt Galaxy
kadel-king,40.0,Kadel,King,LB,1.91,75.2,106.0,233.69,2021,Frankfurt Galaxy
sebastian-gauthier,41.0,Sebastian,Gauthier,OLB,1.83,72.05,95.0,209.44,2021,Frankfurt Galaxy
max-ebsen,42.0,Max,Ebsen,WR/K,1.8,70.87,95.0,209.44,2021,Frankfurt Galaxy
jhonattan-silva-gomez,43.0,Jhonattan,Silva Gomez,LB,1.88,74.02,105.0,231.49,2021,Frankfurt Galaxy
precious-ogbevoen,43.0,Precious (Osaruonamen) ,Ogbevoen,ILB,1.8,70.87,112.0,246.92,2021,Frankfurt Galaxy
mark-gorelik,44.0,Mark,Gorelik,LB,1.82,71.65,90.0,198.42,2021,Frankfurt Galaxy
max-schmidt,45.0,Max,Schmidt,FB,1.83,72.05,100.0,220.46,2021,Frankfurt Galaxy
joshua-sauren,47.0,Joshua,Sauren,LB,1.88,74.02,100.0,220.46,2021,Frankfurt Galaxy
long-hoang,49.0,Long,Hoang,LB,1.74,68.5,85.0,187.39,2021,Frankfurt Galaxy
moritz-johannknecht,5.0,Moritz,Johannknecht,QB,1.88,74.02,91.0,200.62,2021,Frankfurt Galaxy
darnell-minton,52.0,Darnell,Minton,OL,2.01,79.13,125.0,275.58,2021,Frankfurt Galaxy
daniel-josiah,53.0,Daniel,Josiah,ILB,1.83,72.05,95.0,209.44,2021,Frankfurt Galaxy
mamadou-sy,55.0,Mamadou,Sy,DT,1.96,77.17,130.0,286.6,2021,Frankfurt Galaxy
ville-valasti,55.0,Ville,Valasti,DL,1.95,76.77,115.0,253.53,2021,Frankfurt Galaxy
sebastian-silva-gomez,56.0,Sebastian,Silva Gomez,OLB,1.9,74.8,98.0,216.05,2021,Frankfurt Galaxy
maximillian-krauss,57.0,Maximilian,Krauss,ILB,1.86,73.23,105.0,231.49,2021,Frankfurt Galaxy
pascal-abt,58.0,Pascal,Abt,OL,1.84,72.44,140.0,308.65,2021,Frankfurt Galaxy
rudolf-warkentin,59.0,Rudolf,Warkentin,LB,1.8,70.87,100.0,220.46,2021,Frankfurt Galaxy
lars-hampel,61.0,Lars,Hampel,OL,1.84,72.44,145.0,319.67,2021,Frankfurt Galaxy
lucas-hebel,62.0,Luca,Hebel,OL,1.93,75.98,145.0,319.67,2021,Frankfurt Galaxy
nicolas-werle,63.0,Nicolas,Werle,DL,1.97,77.56,135.0,297.62,2021,Frankfurt Galaxy
joachim-bachmann,69.0,Joachim,Bachmann,DL,1.98,77.95,157.0,346.13,2021,Frankfurt Galaxy
jakeb-sullivan,7.0,Jakeb,Sullivan,QB,1.85,72.83,88.0,194.01,2021,Frankfurt Galaxy
moritz-schmidt,70.0,Moritz,Schmidt,OL,1.85,72.83,116.0,255.74,2021,Frankfurt Galaxy
frank-atunlese,71.0,Frank,Atunlese,OL,1.92,75.59,142.0,313.06,2021,Frankfurt Galaxy
jan-hendrik-hoffmeyer,73.0,Jan-Hendrik,Hoffmeyer,OL,2.08,81.89,142.0,313.06,2021,Frankfurt Galaxy
marko-vidovic,73.0,Marko,Vidović,OL,2.02,79.53,130.0,286.6,2021,Frankfurt Galaxy
sven-fischer,74.0,Sven,Fischer,OL,1.91,75.2,140.0,308.65,2021,Frankfurt Galaxy
joachim-christensen,75.0,Joachim,Christensen,OL,1.95,76.77,140.0,308.65,2021,Frankfurt Galaxy
nils-hampel,76.0,Nils,Hampel,OL,1.91,75.2,130.0,286.6,2021,Frankfurt Galaxy
yannic-kiehl,77.0,Yannic,Kiehl,OL,2.02,79.53,130.0,286.6,2021,Frankfurt Galaxy
hendrik-schwarz,82.0,Hendrik,Schwarz,WR,1.9,74.8,90.0,198.42,2021,Frankfurt Galaxy
luca-sack,83.0,Luca,Sack,WR,1.8,70.87,82.0,180.78,2021,Frankfurt Galaxy
cheikhou-sow,84.0,Cheikhou,Sow,WR,1.76,69.29,80.0,176.37,2021,Frankfurt Galaxy
markus-hachenberg,85.0,Markus,Hachenberg,WR,1.91,75.2,101.0,222.67,2021,Frankfurt Galaxy
lorenz-regler,86.0,Lorenz,Regler,WR,1.95,76.77,85.0,187.39,2021,Frankfurt Galaxy
kevin-mwamba,87.0,Kevin,Mwamba,TE,1.87,73.62,118.0,260.15,2021,Frankfurt Galaxy
marc-anthony-hor,90.0,Marc Anthony,Hor,DT,1.87,73.62,130.0,286.6,2021,Frankfurt Galaxy
milan-misic,92.0,Milan,Mišić,DL,1.88,74.02,117.0,257.94,2021,Frankfurt Galaxy
cedric-udegbe,94.0,Cedric,Udegbe,DE,1.92,75.59,112.0,246.92,2021,Frankfurt Galaxy
mete-konya,95.0,Mete,Konya,DT,1.83,72.05,117.0,257.94,2021,Frankfurt Galaxy
wayne-drew,97.0,Wayne,Drew,DL,1.88,74.02,110.0,242.51,2021,Frankfurt Galaxy
maximilian-loetz,98.0,Maximilian,Loetz,DL,1.93,75.98,135.0,297.62,2021,Frankfurt Galaxy
kevin-maier,99.0,Kevin,Maier,DE,1.93,75.98,108.0,238.1,2021,Frankfurt Galaxy
salieu-ceesay,1.0,Salieu,Ceesay,QB,1.94,76.38,92.0,202.83,2021,Hamburg Sea Devils
jean-claude-madin-cerezo,10.0,Jean-Claude,Madin Cerezo,WR,1.86,73.23,95.0,209.44,2021,Hamburg Sea Devils
benjamin-mau,11.0,Benjamin,Mau,WR,2.01,79.13,104.0,229.28,2021,Hamburg Sea Devils
tim-albrecht,13.0,Tim,Albrecht,WR,1.87,73.62,93.0,205.03,2021,Hamburg Sea Devils
dominic-grone,14.0,Dominic,Gröne,WR/K/P,1.86,73.23,95.0,209.44,2021,Hamburg Sea Devils
julian-volling,15.0,Julian,Völling,WR,1.83,72.05,86.0,189.6,2021,Hamburg Sea Devils
leon-kusterer,16.0,Leon,Kusterer,WR,1.8,70.87,80.0,176.37,2021,Hamburg Sea Devils
jadrian-clark,18.0,Jadrian,Clark,QB,1.9,74.8,95.0,209.44,2021,Hamburg Sea Devils
johosaphat-kendrick-danso,18.0,Johosaphat Kendrick,Danso,S,1.86,73.23,87.0,191.8,2021,Hamburg Sea Devils
nassim-amroun,19.0,Nassim,Amroun,WR,1.86,73.23,81.0,178.57,2021,Hamburg Sea Devils
tobias-nill,2.0,Tobias,Nill,WR,1.78,70.08,92.0,202.83,2021,Hamburg Sea Devils
vincent-wilson-oberko,21.0,Vincent,Wilson-Oberko,S,1.8,70.87,82.0,180.78,2021,Hamburg Sea Devils
aleksandr-astahin,22.0,Aleksandr,Astahin,S,1.71,67.32,87.0,191.8,2021,Hamburg Sea Devils
justin-rogers,23.0,Justin,Rogers,CB,1.8,70.87,85.0,187.39,2021,Hamburg Sea Devils
xavier-jerome-johnson,24.0,Xavier Jerome,Johnson,RB,1.78,70.08,86.0,189.6,2021,Hamburg Sea Devils
curtis-slater,25.0,Curtis,Slater,DB,1.75,68.9,83.0,182.98,2021,Hamburg Sea Devils
simon-homadi,26.0,Simon,Homadi,RB,1.84,72.44,90.0,198.42,2021,Hamburg Sea Devils
louis-muller,27.0,Louis,Müller,CB,1.77,69.69,88.0,194.01,2021,Hamburg Sea Devils
barry-maruschke,28.0,Barry,Maruschke,CB,1.84,72.44,89.0,196.21,2021,Hamburg Sea Devils
dominic-yaw-aboagye-duah,29.0,Dominic Yaw,Aboagye-Duah,DB,1.86,73.23,,,2021,Hamburg Sea Devils
miguel-alessandro-boock,3.0,Miguel Alessandro,Boock,ILB,1.81,71.26,88.0,194.01,2021,Hamburg Sea Devils
johann-gisli-hummel,32.0,Jóhann Gísli,Hummel,RB,1.83,72.05,91.0,200.62,2021,Hamburg Sea Devils
eldert-terekuu,33.0,Eldert,Terekuu,CB,1.8,70.87,92.0,202.83,2021,Hamburg Sea Devils
kenneth-komlan-soussoukpo,33.0,Kenneth Komlan,Soussoukpo,DB,1.9,74.8,90.0,198.42,2021,Hamburg Sea Devils
julian-ampaw,34.0,Julian,Ampaw,RB,1.86,73.23,,,2021,Hamburg Sea Devils
jeffrey-juurlink,35.0,Jeffrey,Juurlink,DB,1.85,72.83,86.0,189.6,2021,Hamburg Sea Devils
phillip-friis-andersen,4.0,Phillip Friis,Andersen,K/P,1.8,70.87,88.0,194.01,2021,Hamburg Sea Devils
matthias-spiegel,40.0,Matthias,Spiegel,ILB,1.8,70.87,95.0,209.44,2021,Hamburg Sea Devils
jonas-tykfer,42.0,Jonas,Tykfer,LB,1.9,74.8,100.0,220.46,2021,Hamburg Sea Devils
john-levi-kruse,44.0,John Levi,Kruse,TE,1.94,76.38,110.0,242.51,2021,Hamburg Sea Devils
jeremy-sarfo,45.0,Jeremy,Sarfo,FB,1.8,70.87,107.0,235.89,2021,Hamburg Sea Devils
daniel-rotermel,46.0,Daniel,Rotärmel,LB,1.94,76.38,110.0,242.51,2021,Hamburg Sea Devils
paco-ufuk-varol,47.0,Paco (Ufuk),Varol,LB,1.9,74.8,,,2021,Hamburg Sea Devils
tobias-kolb,48.0,Tobias,Kolb,FB,1.82,71.65,112.0,246.92,2021,Hamburg Sea Devils
sedwon-kaya,49.0,Sedwon,Kaya,LB,1.9,74.8,93.0,205.03,2021,Hamburg Sea Devils
jan-phillip-bombek,5.0,Jan-Phillip,Bombek,OLB,1.93,75.98,110.0,242.51,2021,Hamburg Sea Devils
joshua-petersen,5.0,Joshua,Petersen,QB,1.96,77.17,100.0,220.46,2021,Hamburg Sea Devils
gian-de-guzman,51.0,Gian,De Guzman,OL,1.81,71.26,130.0,286.6,2021,Hamburg Sea Devils
ambroise-mati,52.0,Ambroise,Mati,OLB,1.83,72.05,97.0,213.85,2021,Hamburg Sea Devils
filip-liberio-filipovic,53.0,Filip-Liberio,Filipovic,DL,1.9,74.8,115.0,253.53,2021,Hamburg Sea Devils
thiago-lessow,54.0,Thiago,Lessow,OLB,1.87,73.62,95.0,209.44,2021,Hamburg Sea Devils
okan-guzel,55.0,Okan,Güzel,DE,1.87,73.62,115.0,253.53,2021,Hamburg Sea Devils
giovanni-nanguy,56.0,Giovanni,Nanguy,OLB,1.92,75.59,105.0,231.49,2021,Hamburg Sea Devils
daniel-laporte,57.0,Daniel,Laporte,ILB,1.85,72.83,97.0,213.85,2021,Hamburg Sea Devils
eric-de-souza,62.0,Eric,De Souza,DT,1.97,77.56,140.0,308.65,2021,Hamburg Sea Devils
ron-mac-spiegel,65.0,Ron Mac,Spiegel,OL,2.0,78.74,155.0,341.72,2021,Hamburg Sea Devils
keanu-ebanks,68.0,Keanu,Ebanks,OL,1.97,77.56,,,2021,Hamburg Sea Devils
david-weinstock,69.0,David,Weinstock,OL,1.86,73.23,127.0,279.99,2021,Hamburg Sea Devils
henning-knuth,70.0,Henning,Knuth,OL,1.9,74.8,150.0,330.69,2021,Hamburg Sea Devils
oscar-sundqvist,70.0,Oscar,Sundqvist,OL,,,,,2021,Hamburg Sea Devils
niklas-wiem,72.0,Niklas,Wiem,OL,1.9,74.8,130.0,286.6,2021,Hamburg Sea Devils
dennis-kenzler,74.0,Dennis,Kenzler,OL,1.99,78.35,130.0,286.6,2021,Hamburg Sea Devils
brice-ulrich-tchouadje,75.0,Brice Ulrich,Tchouadje,DT,1.8,70.87,123.0,271.17,2021,Hamburg Sea Devils
friedemann-peters,75.0,Friedemann,Peters,OL,1.96,77.17,140.0,308.65,2021,Hamburg Sea Devils
timo-winter,76.0,Timo,Winter,OL,1.88,74.02,140.0,308.65,2021,Hamburg Sea Devils
robin-fensch,77.0,Robin,Fensch,OL,1.94,76.38,130.0,286.6,2021,Hamburg Sea Devils
ilias-werner-maragos,78.0,Ilias Werner,Maragos,OL,1.93,75.98,129.0,284.4,2021,Hamburg Sea Devils
adria-botella-moreno,8.0,Adria,Botella Moreno,TE,1.98,77.95,114.0,251.33,2021,Hamburg Sea Devils
diego-antonio-arboleda-sanchez,80.0,Diego Antonio,Arboleda Sanchez,WR,2.0,78.74,104.0,229.28,2021,Hamburg Sea Devils
kwame-ofori,81.0,Kwame,Ofori,WR,1.92,75.59,95.0,209.44,2021,Hamburg Sea Devils
maximilian-michael-donalies,85.0,Maximilian Michael,Donalies,TE,2.0,78.74,113.0,249.12,2021,Hamburg Sea Devils
lukas-rehder,89.0,Lukas,Rehder,WR,1.93,75.98,92.0,202.83,2021,Hamburg Sea Devils
marvin-amankwah,9.0,Marvin,Amankwah,TE,1.85,72.83,100.0,220.46,2021,Hamburg Sea Devils
andre-rieckenberg,90.0,André,Rieckenberg,DE,1.97,77.56,120.0,264.55,2021,Hamburg Sea Devils
kasim-edebali,91.0,Kasim,Edebali,OLB,1.89,74.41,108.0,238.1,2021,Hamburg Sea Devils
alexander-babic,93.0,Alexander,Babic,DT,1.95,76.77,135.0,297.62,2021,Hamburg Sea Devils
berend-grube,94.0,Berend,Grube,DE,1.97,77.56,110.0,242.51,2021,Hamburg Sea Devils
evans-yeboah,95.0,Evans,Yeboah,DT,1.94,76.38,125.0,275.58,2021,Hamburg Sea Devils
hiswill-awuah,98.0,Hiswill,Awuah,DT,1.8,70.87,130.0,286.6,2021,Hamburg Sea Devils
nelson-imasuen,99.0,Nelson,Imasuen,DE,2.07,81.5,124.0,273.37,2021,Hamburg Sea Devils
jacob-templar,1.0,Jacob,Templar,P/WR,1.93,75.98,99.0,218.26,2021,Leipzig Kings
anthony-dable-wolf,11.0,Anthony,Dable-Wolf,WR,1.94,76.38,97.0,213.85,2021,Leipzig Kings
jaleel-awini,12.0,Jaleel,Awini,WR/QB,1.92,75.59,95.0,209.44,2021,Leipzig Kings
erich-kilger,14.0,Erich,Kilger,WR,1.8,70.87,94.0,207.23,2021,Leipzig Kings
tom-van-duijn,15.0,Tom,Van Duijn,QB/K,1.93,75.98,105.0,231.49,2021,Leipzig Kings
simon-braun,17.0,Simon,Braun,WR,1.81,71.26,84.0,185.19,2021,Leipzig Kings
marcel-ulbrich,18.0,Marcel,Ulbrich,K,1.85,72.83,89.0,196.21,2021,Leipzig Kings
daniel-docal,21.0,Daniel,Docal,DB,1.75,68.9,84.0,185.19,2021,Leipzig Kings
jason-aguemon,21.0,Jason,Aguemon,RB,1.79,70.47,93.0,205.03,2021,Leipzig Kings
raymond-sobowale,22.0,Raymond,Sobowale,RB,1.85,72.83,106.0,233.69,2021,Leipzig Kings
moritz-herzel,23.0,Moritz,Herzel,RB,1.68,66.14,83.0,182.98,2021,Leipzig Kings
luc-schneider,24.0,Luc,Schneider,RB,1.71,67.32,85.0,187.39,2021,Leipzig Kings
anastassiadis-kiriakos,25.0,Anastassiadis,Kiriakos,DB,1.8,70.87,87.0,191.8,2021,Leipzig Kings
florian-borger,26.0,Florian,Borger,S,1.78,70.08,105.0,231.49,2021,Leipzig Kings
tony-kulok,27.0,Tony,Kulok,RB,1.81,71.26,84.0,185.19,2021,Leipzig Kings
jonathan-dietze,28.0,Jonathan,Dietze,S,1.74,68.5,80.0,176.37,2021,Leipzig Kings
michael-birdsong,3.0,Michael,Birdsong,QB,1.95,76.77,105.0,231.49,2021,Leipzig Kings
tristan-csiza,30.0,Tristan,Csiza,DB,1.8,70.87,85.0,187.39,2021,Leipzig Kings
lion-deckwarth,32.0,Lion,Deckwarth,ILB,1.87,73.62,100.0,220.46,2021,Leipzig Kings
paul-meissner,33.0,Paul,Meißner,S,1.85,72.83,100.0,220.46,2021,Leipzig Kings
dominik-wunsche,34.0,Dominik,Wünsche,CB,1.92,75.59,89.0,196.21,2021,Leipzig Kings
lukas-rebensdorf,35.0,Lukas,Rebensdorf,DB,1.88,74.02,87.0,191.8,2021,Leipzig Kings
olav-rohnebaek,40.0,Olav,Røhnebæk,ILB,1.92,75.59,90.0,198.42,2021,Leipzig Kings
philipp-mingerzahn,42.0,Philipp,Mingerzahn,DL/LB,1.85,72.83,97.0,213.85,2021,Leipzig Kings
kyle-kitchens,45.0,Kyle ,Kitchens,DE,1.88,74.02,118.0,260.15,2021,Leipzig Kings
maximilian-fitz,47.0,Maximilian,Fitz,ILB,1.93,75.98,100.0,220.46,2021,Leipzig Kings
moritz-graul,47.0,Moritz,Graul,CB,1.87,73.62,90.0,198.42,2021,Leipzig Kings
luca-lampe,48.0,Luca,Lampe,LB,1.93,75.98,95.0,209.44,2021,Leipzig Kings
jonas-schultes,50.0,Jonas ,Schultes,ILB,1.9,74.8,110.0,242.51,2021,Leipzig Kings
max-bruder,51.0,Max,Bruder,OL,2.13,83.86,148.0,326.28,2021,Leipzig Kings
mirko-parnow,51.0,Mirko,Parnow,LB,1.77,69.69,93.0,205.03,2021,Leipzig Kings
chris-schlack,52.0,Chris,Schlack,LB,1.78,70.08,90.0,198.42,2021,Leipzig Kings
pascal-topolewski,53.0,Pascal,Topolewski,ILB,1.79,70.47,92.0,202.83,2021,Leipzig Kings
martin-strauss,54.0,Martin,Strauß,ILB,1.85,72.83,104.0,229.28,2021,Leipzig Kings
lance-leota,56.0,Lance,Leota,DT,1.85,72.83,140.0,308.65,2021,Leipzig Kings
roedion-henrique,6.0,Roedion,Henrique,CB,1.89,74.41,89.0,196.21,2021,Leipzig Kings
timothy-knuettel,6.0,Timothy,Knüttel,WR,1.88,74.02,90.0,198.42,2021,Leipzig Kings
benhwoll-tchiyoko,7.0,Benhwoll,Tchiyoko,DB,1.85,72.83,86.0,189.6,2021,Leipzig Kings
jonas-hagerup,70.0,Jonas,Hagerup,OL,200.0,7874.02,137.0,302.03,2021,Leipzig Kings
shalom-baafi,70.0,Shalom,Baafi,OL,1.94,76.38,140.0,308.65,2021,Leipzig Kings
florian-barthel,71.0,Florian,Barthel,OL,1.92,75.59,150.0,330.69,2021,Leipzig Kings
tilman-brutsch,74.0,Tilman,Brütsch,OL,1.89,74.41,140.0,308.65,2021,Leipzig Kings
sven-hinrichs,75.0,Sven,Hinrichs,OL,1.95,76.77,155.0,341.72,2021,Leipzig Kings
per-kristian-molberg,76.0,Per Kristian,Molberg,OL,1.98,77.95,135.0,297.62,2021,Leipzig Kings
robert-kahlke,77.0,Robert,Kahlke,OL,1.96,77.17,130.0,286.6,2021,Leipzig Kings
christoph-schob,78.0,Christoph,Schob,OL,1.95,76.77,140.0,308.65,2021,Leipzig Kings
viktor-wiederspahn,79.0,Viktor,Wiederspahn,OL/LS,1.8,70.87,120.0,264.55,2021,Leipzig Kings
alpha-jalloh,8.0,Alpha,Jalloh,WR,1.88,74.02,90.0,198.42,2021,Leipzig Kings
michael-bausch,8.0,Michael,Bausch,ILB,1.85,72.83,90.0,198.42,2021,Leipzig Kings
markus-riedel,80.0,Markus,Riedel,WR,1.81,71.26,85.0,187.39,2021,Leipzig Kings
antonio-fischer,81.0,Antonio,Fischer,WR,1.81,71.26,90.0,198.42,2021,Leipzig Kings
nils-baeumer,81.0,Nils,Bäumer,WR,1.85,72.83,86.0,189.6,2021,Leipzig Kings
jeremy-lang,82.0,Jeremy,Lang,WR,1.9,74.8,90.0,198.42,2021,Leipzig Kings
jonas-breme,83.0,Jonas,Breme,WR,1.76,69.29,86.0,189.6,2021,Leipzig Kings
joshua-lang,83.0,Joshua,Lang,WR,1.85,72.83,82.0,180.78,2021,Leipzig Kings
omi-yoshihito,84.0,Omi,Yoshihito,WR,1.81,71.26,84.0,185.19,2021,Leipzig Kings
anton-doroshev,85.0,Anton,Doroshev,TE,1.88,74.02,108.0,238.1,2021,Leipzig Kings
lukas-birkel,85.0,Lukas,Birkel,WR,1.85,72.83,85.0,187.39,2021,Leipzig Kings
felix-spliteser,89.0,Felix,Spliteser,WR,1.98,77.95,95.0,209.44,2021,Leipzig Kings
daniel-thiele,90.0,Daniel,Thiele,DT,1.96,77.17,140.0,308.65,2021,Leipzig Kings
steven-kuhne,90.0,Steven,Kühne,DL,1.91,75.2,140.0,308.65,2021,Leipzig Kings
dustin-dennerlein,91.0,Dustin,Dennerlein,DL/LS,1.87,73.62,118.0,260.15,2021,Leipzig Kings
aslan-zetterberg,92.0,Aslan,Zetterberg,DT,1.83,72.05,130.0,286.6,2021,Leipzig Kings
christopher-hans,93.0,Christopher,Hans,DE,1.87,73.62,120.0,264.55,2021,Leipzig Kings
vincent-buffet,99.0,Vincent,Buffet,DE,1.89,74.41,125.0,275.58,2021,Leipzig Kings
michal-zieta,,Michał ,Zięta,WR,1.81,71.26,82.0,180.78,2021,Panthers Wroclaw
piotr-golacki,,Piotr,Golacki,K,,,,,2021,Panthers Wroclaw
darius-robinson,1.0,Darius,Saint-Robinson,CB,1.83,72.05,82.0,180.78,2021,Panthers Wroclaw
milosz-mackow,10.0,Miłosz,Maćków,TE,1.76,69.29,103.0,227.08,2021,Panthers Wroclaw
dawid-panczyszyn,12.0,Dawid,Pańczyszyn,K,1.73,68.11,85.0,187.39,2021,Panthers Wroclaw
kavontae-turpin,12.0,KaVontae,Turpin,WR,1.75,68.9,72.0,158.73,2021,Panthers Wroclaw
damian-kwiatkowski,13.0,Damian,Kwiatkowski,RB,1.87,73.62,91.0,200.62,2021,Panthers Wroclaw
kacper-fiedziuk,14.0,Kacper,Fiedziuk,WR,1.96,77.17,98.0,216.05,2021,Panthers Wroclaw
bartosz-dziedzic,15.0,Bartosz,Dziedzic,WR,1.87,73.62,83.0,182.98,2021,Panthers Wroclaw
wiktor-zieba,16.0,Wiktor,Zięba,WR,1.87,73.62,94.0,207.23,2021,Panthers Wroclaw
adrian-grodecki,18.0,Adrian,Gródecki,WR,1.85,72.83,81.0,178.57,2021,Panthers Wroclaw
daniel-piatkowski,19.0,Daniel,Piątkowski,S,1.87,73.62,95.0,209.44,2021,Panthers Wroclaw
lukas-oconnor,2.0,Lukas,O'Connor,QB,1.93,75.98,98.0,216.05,2021,Panthers Wroclaw
kacper-rokicinski,20.0,Kacper,Rokiciński,CB,1.8,70.87,83.0,182.98,2021,Panthers Wroclaw
przemyslaw-lewszyk,21.0,Przemysław,Lewszyk,LB,1.84,72.44,103.0,227.08,2021,Panthers Wroclaw
jaroslaw-lewszyk,22.0,Jarosław,Lewszyk,LB,1.81,71.26,91.0,200.62,2021,Panthers Wroclaw
jakub-mazan,23.0,Jakub,Mazan,WR,1.89,74.41,91.0,200.62,2021,Panthers Wroclaw
mark-herndon,24.0,Mark,Herndon,RB,1.75,68.9,95.0,209.44,2021,Panthers Wroclaw
william-james,24.0,William ,James,S,1.8,70.87,88.0,194.01,2021,Panthers Wroclaw
marcin-osumek,26.0,Marcin,Osumek,DB,1.86,73.23,86.0,189.6,2021,Panthers Wroclaw
grzegorz-piotrowski,28.0,Grzegorz,Piotrowski,DB,1.82,71.65,90.0,198.42,2021,Panthers Wroclaw
kamil-kotlarz,28.0,Kamil,Kotlarz,RB,1.75,68.9,85.0,187.39,2021,Panthers Wroclaw
pierre-courageux,28.0,Pierre,Courageux,DB,1.88,74.02,92.0,202.83,2021,Panthers Wroclaw
szymon-jarmolkowicz,3.0,Szymon,Jarmołkowicz,DB,1.8,70.87,87.0,191.8,2021,Panthers Wroclaw
pawel-barul,30.0,Paweł,Barul,RB,1.82,71.65,95.0,209.44,2021,Panthers Wroclaw
jakub-halicki,34.0,Jakub,Halicki,S,1.8,70.87,85.0,187.39,2021,Panthers Wroclaw
filip-kloskowski,37.0,Filip ,Kłoskowski,LB,1.91,75.2,102.0,224.87,2021,Panthers Wroclaw
william-lloyd,4.0,William,Lloyd,ILB,1.85,72.83,98.0,216.05,2021,Panthers Wroclaw
konrad-starczewski,40.0,Konrad,Starczewski,FB,1.8,70.87,125.0,275.58,2021,Panthers Wroclaw
jan-chmiel,42.0,Jan,Chmiel,DE,1.84,72.44,104.0,229.28,2021,Panthers Wroclaw
kacper-bogdanski,44.0,Kacper,Bogdański,TE/ FB,1.73,68.11,103.0,227.08,2021,Panthers Wroclaw
tadhg-leader,44.0,Tadhg ,Leader,K,1.89,74.41,93.0,205.03,2021,Panthers Wroclaw
tomasz-kiszka,45.0,Tomasz,Kiszka,LB,1.8,70.87,102.0,224.87,2021,Panthers Wroclaw
antoni-idziak,47.0,Antoni,Idziak,ILB,1.77,69.69,93.0,205.03,2021,Panthers Wroclaw
kacper-oldak,49.0,Kacper,Ołdak,ILB,1.82,71.65,95.0,209.44,2021,Panthers Wroclaw
goran-zec,5.0,Goran,Zec,S,1.8,70.87,84.0,185.19,2021,Panthers Wroclaw
szymon-adamczyk,50.0,Szymon,Adamczyk,DT,1.84,72.44,117.0,257.94,2021,Panthers Wroclaw
karlis-brauns,54.0,Karlis,Brauns,DE,1.97,77.56,120.0,264.55,2021,Panthers Wroclaw
kacper-pawlak,56.0,Kacper,Pawlak,DL,1.82,71.65,115.0,253.53,2021,Panthers Wroclaw
kamil-ruta,6.0,Kamil,Ruta,OLB,1.87,73.62,112.0,246.92,2021,Panthers Wroclaw
stefan-drecun,64.0,Stefan,Drecun,OL,1.94,76.38,130.0,286.6,2021,Panthers Wroclaw
kamil-piatek,65.0,Kamil,Piątek,OL,1.86,73.23,130.0,286.6,2021,Panthers Wroclaw
kajetan-korzynski,68.0,Kajetan,Korżyński,OL,1.85,72.83,120.0,264.55,2021,Panthers Wroclaw
jakub-wasiel,7.0,Jakub,Wąsiel,WR,1.72,67.72,,,2021,Panthers Wroclaw
phileas-pasqualini,7.0,Philéas,Pasqualini,RB,1.8,70.87,106.0,233.69,2021,Panthers Wroclaw
marek-stajer,70.0,Marek,Stajer,OL,1.77,69.69,133.0,293.21,2021,Panthers Wroclaw
kamil-kur,71.0,Kamil,Kur,OL,1.84,72.44,107.0,235.89,2021,Panthers Wroclaw
damian-krawiec,73.0,Damian,Krawiec,OL,1.84,72.44,150.0,330.69,2021,Panthers Wroclaw
murilo-silva,74.0,Murilo,Silva,OL,1.87,73.62,135.0,297.62,2021,Panthers Wroclaw
eduardo-gonzalez,79.0,Eduardo,Sanchez González,OL,1.97,77.56,160.0,352.74,2021,Panthers Wroclaw
hubert-ogrodowczyk,8.0,Hubert,Ogrodowczyk,ILB,1.82,71.65,103.0,227.08,2021,Panthers Wroclaw
przemyslaw-banat,82.0,Przemysław,Banat,WR,1.88,74.02,85.0,187.39,2021,Panthers Wroclaw
jan-korkuc,83.0,Jan,Korkuć,WR,1.87,73.62,85.0,187.39,2021,Panthers Wroclaw
kamil-muller,83.0,Kamil,Muller,WR,1.84,72.44,88.0,194.01,2021,Panthers Wroclaw
michal-goszczynski,84.0,Michał,Goszczyński,WR,1.97,77.56,92.0,202.83,2021,Panthers Wroclaw
oskar-wypych,85.0,Oskar,Wypych,WR,1.8,70.87,87.0,191.8,2021,Panthers Wroclaw
igor-maslanka,87.0,Igor,Mašlanka,TE,1.96,77.17,115.0,253.53,2021,Panthers Wroclaw
tobiasz-witalis,9.0,Tobiasz,Witalis,DB,1.78,70.08,80.0,176.37,2021,Panthers Wroclaw
jacek-wszol,90.0,Jacek,Wszół,DL,1.86,73.23,105.0,231.49,2021,Panthers Wroclaw
adrian-brudny,92.0,Adrian,Brudny,DL,1.85,72.83,132.0,291.01,2021,Panthers Wroclaw
damian-wesolowski,93.0,Damian,Wesolowski,DT,1.94,76.38,125.0,275.58,2021,Panthers Wroclaw
szymon-grzebieniak,95.0,Szymon,Grzebieniak,DL,1.94,76.38,110.0,242.51,2021,Panthers Wroclaw
piotr-ostrowski,96.0,Piotr,Ostrowski,DE,1.91,75.2,115.0,253.53,2021,Panthers Wroclaw
lukasz-gembara,97.0,Łukasz,Gembara,DT,1.85,72.83,130.0,286.6,2021,Panthers Wroclaw
mateusz-dymek,98.0,Mateusz,Dymek,DL,1.85,72.83,104.0,229.28,2021,Panthers Wroclaw
robert-rosolek,99.0,Robert,Rosołek,DE,1.92,75.59,103.0,227.08,2021,Panthers Wroclaw
al-mustafa-almakki,,Al Mustafa,Almakki,OL,1.87,73.62,135.0,297.62,2021,Stuttgart Surge
cedric-konig,,Cedric,König,DB,1.93,75.98,93.0,205.03,2021,Stuttgart Surge
jens-hauser,10.0,Jens,Hauser,K,1.81,71.26,96.0,211.64,2021,Stuttgart Surge
ronley-lakalaka,11.0,Ronley,Lakalaka,ILB,1.82,71.65,102.0,224.87,2021,Stuttgart Surge
luca-faschian,12.0,Luca,Faschian,WR,1.89,74.41,87.0,191.8,2021,Stuttgart Surge
frederic-latour,14.0,Frederic,Latour,WR,1.93,75.98,90.0,198.42,2021,Stuttgart Surge
michael-winterlik,16.0,Michael,Winterlik,QB,1.79,70.47,70.0,154.32,2021,Stuttgart Surge
pascal-floser,17.0,Pascal,Flöser,WR,1.81,71.26,85.0,187.39,2021,Stuttgart Surge
louis-geyer,18.0,Louis,Geyer,WR,1.88,74.02,90.0,198.42,2021,Stuttgart Surge
paul-steigerwald,18.0,Paul,Steigerwald,WR,1.98,77.95,98.0,216.05,2021,Stuttgart Surge
aaron-ellis,2.0,Aaron,Ellis,QB,1.9,74.8,104.0,229.28,2021,Stuttgart Surge
danny-washington,2.0,Danny,Washington ,LB,1.76,69.29,95.0,209.44,2021,Stuttgart Surge
dale-warren,20.0,Dale,Warren,LB,1.84,72.44,104.0,229.28,2021,Stuttgart Surge
julian-jakob,21.0,Julian,Jakob,CB,1.82,71.65,78.0,171.96,2021,Stuttgart Surge
collins-kamara,22.0,Collins,Kamara,RB,1.77,69.69,88.0,194.01,2021,Stuttgart Surge
wesley-martheli,22.0,Wesley,Martheli,S,1.8,70.87,84.0,185.19,2021,Stuttgart Surge
marcel-dabo,23.0,Marcel,Dabo,CB,1.84,72.44,,,2021,Stuttgart Surge
finn-seibert,24.0,Finn,Seibert,WR,1.87,73.62,90.0,198.42,2021,Stuttgart Surge
ruben-pein,26.0,Ruben,Pein ,RB,1.77,69.69,81.0,178.57,2021,Stuttgart Surge
biagio-caprino,27.0,Biagio,Caprino,DT,,,,,2021,Stuttgart Surge
samuel-shannon,27.0,Samuel,Shannon,RB,1.85,72.83,94.0,207.23,2021,Stuttgart Surge
lucky-ogbevoen,29.0,Lucky,Ogbevoen,OLB,1.9,74.8,100.0,220.46,2021,Stuttgart Surge
timo-bronn,3.0,Timo,Bronn,K,1.81,71.26,75.0,165.35,2021,Stuttgart Surge
til-becker,30.0,Til,Becker,OLB,1.9,74.8,100.0,220.46,2021,Stuttgart Surge
nick-wenzelburger,31.0,Nick,Wenzelburger,S,1.84,72.44,89.0,196.21,2021,Stuttgart Surge
julian-ludwig-mayorga,32.0,Julian,Ludwig-Mayorga,S,1.82,71.65,80.0,176.37,2021,Stuttgart Surge
ben-wenzler,33.0,Ben,Wenzler,CB,1.84,72.44,80.0,176.37,2021,Stuttgart Surge
serdar-kiraz,34.0,Serdar,Kiraz,RB,1.78,70.08,95.0,209.44,2021,Stuttgart Surge
kevin-bannasch,37.0,Kevin,Bannasch,S,1.83,72.05,89.0,196.21,2021,Stuttgart Surge
alexander-eitel,4.0,Alexander,Eitel,WR,1.7,66.93,72.0,158.73,2021,Stuttgart Surge
bryan-yankson,41.0,Bryan,Yankson,RB,1.73,68.11,88.0,194.01,2021,Stuttgart Surge
zachary-blair,42.0,Zachary,Blair,ILB,1.88,74.02,100.0,220.46,2021,Stuttgart Surge
japhet-maleka-mbala,44.0,Japhet Maleka,Mbala,ILB,1.75,68.9,89.0,196.21,2021,Stuttgart Surge
nijaz-hamulic,45.0,Nijaz,Hamulic,ILB,1.87,73.62,105.0,231.49,2021,Stuttgart Surge
tom-stickel,48.0,Tom,Stickel,ILB,1.92,75.59,108.0,238.1,2021,Stuttgart Surge
daniel-meza,5.0,David,Meza,TE,1.95,76.77,115.0,253.53,2021,Stuttgart Surge
jessie-wegner,52.0,Jessie,Wegner,OL,1.93,75.98,110.0,242.51,2021,Stuttgart Surge
constantin-lassing,54.0,Constantin,Lässing,LB,1.78,70.08,98.0,216.05,2021,Stuttgart Surge
dennis-gratza,55.0,Dennis,Gratza,ILB,1.75,68.9,97.0,213.85,2021,Stuttgart Surge
lasse-rave,58.0,Lasse,Rave ,LB,1.83,72.05,97.0,213.85,2021,Stuttgart Surge
jean-charles-moukouri,6.0,Jean-Charles,Moukouri,RB,1.73,68.11,95.0,209.44,2021,Stuttgart Surge
marvin-roben,60.0,Marvin,Röben,OL,2.0,78.74,180.0,396.83,2021,Stuttgart Surge
jason-kuhn,68.0,Jason,Kühn,OL,1.87,73.62,126.0,277.78,2021,Stuttgart Surge
thomas-ghebrezhirer,68.0,Thomas,Ghebrezhirer,OL,1.8,70.87,122.0,268.96,2021,Stuttgart Surge
thomas-edel,7.0,Thomas,Edel,RB,1.84,72.44,107.0,235.89,2021,Stuttgart Surge
jan-steiger,71.0,Jan,Steiger,OL,1.98,77.95,115.0,253.53,2021,Stuttgart Surge
darko-pisaric,72.0,Darko,Pisaric,DT,1.93,75.98,117.0,257.94,2021,Stuttgart Surge
maximilian-kempchen,72.0,Maximilian,Kempchen,OL,1.92,75.59,113.0,249.12,2021,Stuttgart Surge
leon-habich,73.0,Leon,Häbich,OL,1.9,74.8,125.0,275.58,2021,Stuttgart Surge
lukas-stingl,74.0,Lukas,Stingl,OL,1.86,73.23,115.0,253.53,2021,Stuttgart Surge
jai-jackson,75.0,Jai,Jackson,OL,1.91,75.2,107.0,235.89,2021,Stuttgart Surge
marc-kuppinger,77.0,Marc,Kuppinger,OL,1.91,75.2,128.0,282.19,2021,Stuttgart Surge
lukas-huster,8.0,Lukas,Huster,WR,1.88,74.02,84.0,185.19,2021,Stuttgart Surge
victor-ferrier,8.0,Victor,Ferrier,S,1.84,72.44,88.0,194.01,2021,Stuttgart Surge
fabian-weigel,81.0,Fabian,Weigel,WR,1.81,71.26,86.0,189.6,2021,Stuttgart Surge
domenik-rofalski,82.0,Domenik,Rofalski,TE,1.91,75.2,103.0,227.08,2021,Stuttgart Surge
peter-weiblen,85.0,Peter,Weiblen,WR,1.8,70.87,90.0,198.42,2021,Stuttgart Surge
jens-walter,88.0,Jens,Walter,TE,1.93,75.98,110.0,242.51,2021,Stuttgart Surge
marvin-pludra,88.0,Marvin,Pludra,TE,1.98,77.95,136.0,299.83,2021,Stuttgart Surge
felix-haufe,91.0,Felix,Haufe,DL,1.75,68.9,135.0,297.62,2021,Stuttgart Surge
tobias-burkhardt,92.0,Tobias,Burkhardt,DT,1.92,75.59,123.0,271.17,2021,Stuttgart Surge
florian-breitenbach,96.0,Florian,Breitenbach,DL,1.8,70.87,105.0,231.49,2021,Stuttgart Surge
philipp-ungericht,97.0,Philipp,Ungericht,DE,1.96,77.17,125.0,275.58,2021,Stuttgart Surge
marcel-furst,98.0,Marcel,Fürst,DE,1.95,76.77,128.0,282.19,2021,Stuttgart Surge
sercan-vardar,99.0,Sercan,Vardar,DE,1.77,69.69,114.0,251.33,2021,Stuttgart Surge
